{"cameraMode":{"drawMode":0,"name":"Shaded","section":"Shading Mode"},"sceneLighting":true,"audioPlay":false,"sceneViewState":{"m_AlwaysRefresh":false,"showFog":true,"showSkybox":false,"showFlares":true,"showImageEffects":true,"showParticleSystems":true,"showVisualEffectGraphs":true,"m_FxEnabled":true},"in2DMode":false,"pivot":{"x":100.00999450683594,"y":11.07987117767334,"z":-101.97300720214844},"rotation":{"x":-0.05147101730108261,"y":-0.7520716786384583,"z":0.05155175179243088,"w":-0.6745736002922058},"size":151.03936767578126,"orthographic":false}