{"cameraMode":{"drawMode":0,"name":"Shaded","section":"Shading Mode"},"sceneLighting":false,"audioPlay":false,"sceneViewState":{"m_AlwaysRefresh":false,"showFog":true,"showSkybox":false,"showFlares":true,"showImageEffects":true,"showParticleSystems":true,"showVisualEffectGraphs":true,"m_FxEnabled":true},"in2DMode":false,"pivot":{"x":420.20001220703127,"y":253.39999389648438,"z":-0.005000017117708921},"rotation":{"x":-0.22196044027805329,"y":0.6524332761764526,"z":-0.20748934149742127,"w":-0.7127202153205872},"size":1.2425521612167359,"orthographic":false}