{"cameraMode":{"drawMode":0,"name":"Shaded","section":"Shading Mode"},"sceneLighting":false,"audioPlay":false,"sceneViewState":{"m_AlwaysRefresh":false,"showFog":true,"showSkybox":false,"showFlares":true,"showImageEffects":true,"showParticleSystems":true,"showVisualEffectGraphs":true,"m_FxEnabled":true},"in2DMode":false,"pivot":{"x":-0.03353245183825493,"y":-0.02565769851207733,"z":-0.0511174201965332},"rotation":{"x":0.13810108602046967,"y":0.3986424207687378,"z":-0.05910318344831467,"w":0.9059468507766724},"size":0.24352924525737763,"orthographic":false}